{
    "title": "Хэллоуин 2022",
    "visible": true,
    "goals": [
        {
            "title": "01. Ребёнок",
            "desc": "Поговорить с Ребёнком"
        },
        {
            "title": "02. Ино",
            "desc": "Поговорить с Ино"
        },
        {
            "title": "03. Сакура",
            "desc": "Поговорить с Сакурой"
        },
        {
            "title": "04. Река",
            "desc": "Сходить к реке"
        }
    ]
}